Title,Director,cast,Start,Release_year,popularity,End
Abigail,"Matt Bettinelli-Olpin, Tyler Gillett","Melissa Barrera, Dan Stevens, Alisha Weir, William Catlett, Kathryn Newton",2024-04-16,2024,140.702,
Abigail,Aleksandr Boguslavskiy,"Tinatin (Tina) Dalakishvili, Rinal Mukhametov, Artyom Tkachenko, Ravshana Kurkova, Kseniya Kutepova",2019-08-22,2019,15.658,
Absolution,Hans Petter Moland,"Liam Neeson, Ron Perlman, Yolonda Ross, Frankie Shaw, Daniel Diemer",2024-10-31,2024,434.123,
Absolution,Keoni Waxman,"Steven Seagal, Byron Mann, Joshua Lawrence Barnett, Adina Ștețcu, Massimo Dobrović",2015-05-04,2015,10.164,
After,Jenny Gage,"Josephine Langford, Hero Fiennes Tiffin, Shane Paul McGhie, Khadijha Red Thunder, Dylan Arnold",2019-04-11,2019,81.05,
After,Ryan Smith,"Steven Strait, Karolina Wydra, Sandra Ellis Lafferty, Ric Reitz, Jackson Walker",2012-08-27,2012,9.934,
After Everything,Castille Landon,"Hero Fiennes Tiffin, Josephine Langford, Mimi Keene, Stephen Moyer, Louise Lombard",2023-09-13,2023,60.466,
After Everything,"Joey Power, Hannah Marks","Jeremy Allen White, Maika Monroe, Gina Gershon, Marisa Tomei, Joe Keery",2018-10-12,2018,9.117,
Aftermath,Patrick Lussier,"Dylan Sprouse, Mason Gooding, Dichen Lachman, Megan Stott, Kevin Chapman",2024-09-27,2024,270.103,
Aftermath,Peter Winther,"Ashley Greene, Shawn Ashmore, Britt Baron, Ross McCall, Soraya Kelley",2021-08-04,2021,12.74,
Aftermath,Elliott Lester,"Arnold Schwarzenegger, Scoot McNairy, Maggie Grace, Judah Nelson, Larry Sullivan",2017-02-28,2017,25.604,
Aftermath,Władysław Pasikowski,"Ireneusz Czop, Maciej Stuhr, Jerzy Radziwiłowicz, Zuzana Fialová, Andrzej Mastalerz",2012-11-09,2012,9.622,
Air,Ben Affleck,"Matt Damon, Ben Affleck, Jason Bateman, Chris Messina, Viola Davis",2023-04-05,2023,42.511,
Air,Christian Cantamessa,"Norman Reedus, Djimon Hounsou, Sandrine Holt, Peter Benson, Michael Hogan",2015-08-14,2015,14.263,
Alone,John Hyams,"Jules Willcox, Marc Menchaca, Anthony Heald, Jonathan Rosenthal, Katie O’Grady",2020-09-10,2020,38.928,
Alone,Johnny Martin,"Tyler Posey, Summer Spiro, Donald Sutherland, Robert Ri'chard, Brooke Swallow",2020-10-23,2020,21.537,
Alone,David Moreau,"Sofia Lesaffre, Stéphane Bak, Thomas Doret, Kim Lockhart, Jean-Stan du Pac",2017-02-08,2017,13.095,
Amber Alert,Kerry Bellessa,"Hayden Panettiere, Tyler James Williams, Kevin Dunn, Saidah Arrika Ekulona, Kurt Oberhaus",2024-09-27,2024,27.809,
Amber Alert,Kerry Bellessa,"Jasen Wade, Summer Bellessa, Chris Hill, Caleb Thompson, Brooke Thompson",2012-11-02,2012,5.919,
Anaconda,Tom Gormican,"Jack Black, Paul Rudd, Daniela Melchior, Thandiwe Newton, Steve Zahn",2025-12-25,2025,10.491,
Anaconda,"Xiang Qiuliang, Xiang Hesheng","Nita Xia, Terence Yin Chi-Wai, Wang Xingchen, Ken Lok Tat-Wah, Paul Che Biu-Law",2024-03-01,2024,55.398,
Animal,Sandeep Reddy Vanga,"Ranbir Kapoor, Rashmika Mandanna, Anil Kapoor, Bobby Deol, Triptii Dimri",2023-12-01,2023,28.4,
Animal,Brett Simmons,"Joey Lauren Adams, Elizabeth Gillies, Paul Iacono, Thorsten Kaye, Amaury Nolasco",2014-06-17,2014,7.967,
Anna,Luc Besson,"Sasha Luss, Helen Mirren, Luke Evans, Cillian Murphy, Lera Abova",2019-06-19,2019,35.696,
Anna,Jorge Dorado,"Mark Strong, Taissa Farmiga, Brian Cox, Saskia Reeves, Richard Dillane",2013-10-13,2013,14.671,
Art of Love,Recai Karagöz,"Birkan Sokullu, Esra Bilgiç, Fırat Tanış, Ushan Çakır, Hakan Ummak",2024-03-13,2024,27.589,
Art of Love,Betty Kaplan,"Esai Morales, Kunjue Li, Caterina Murino, Braulio Castillo Jr., Aris Mejias",2021-10-14,2021,9.303,
Attack on Titan,Noah Luke,"Michael Paré, Erin Coker, Jack Pearson, Anthony Jensen, Neli Sabour",2022-09-30,2022,22.151,
Attack on Titan,Shinji Higuchi,"Haruma Miura, Kiko Mizuhara, Kanata Hongo, Nanami Sakuraba, Takahiro Miura",2015-08-01,2015,59.696,
Ava,Tate Taylor,"Jessica Chastain, John Malkovich, Common, Colin Farrell, Geena Davis",2020-07-02,2020,29.126,
Ava,Léa Mysius,"Noée Abita, Laure Calamy, Juan Cano, Tamara Cano, Ismaël Capelot",2017-06-21,2017,14.85,
Bait,Mark Jenkin,"Edward Rowe, Mary Woodvine, Giles King, Simon Shepherd, Chloe Endean",2019-03-26,2019,6.914,
Bait,Kimble Rendall,"Sharni Vinson, Phoebe Tonkin, Julian McMahon, Alex Russell, Xavier Samuel",2012-09-05,2012,29.489,
Ballerina,Lee Chung-hyun,"Jun Jong-seo, Kim Ji-hun, Park Yu-rim, Shin Se-hwi, Park Hyeong-su",2023-10-05,2023,39.718,
Ballerina,"Eric Summer, Éric Warin","Elle Fanning, Dane DeHaan, Carly Rae Jepsen, Maddie Ziegler, Mel Brooks",2016-12-14,2016,26.537,
Barbie,Greta Gerwig,"Margot Robbie, Ryan Gosling, America Ferrera, Ariana Greenblatt, Issa Rae",2023-07-19,2023,120.89,
Barbie,Lee Sang-woo,"Lee Chun-hee, Kim Sae-ron, Kim Ah-ron, Cat Tebo, Earl Jackson",2011-10-07,2011,4.478,
Beast,Baltasar Kormákur,"Idris Elba, Leah Sava Jeffries, Iyana Halley, Sharlto Copley, Martin Munro",2022-08-11,2022,35.899,
Beast,Michael Pearce,"Jessie Buckley, Johnny Flynn, Trystan Gravelle, Geraldine James, Oliver Maltman",2018-04-18,2018,9.658,
Beautiful Boy,Felix van Groeningen,"Steve Carell, Timothée Chalamet, Maura Tierney, Amy Ryan, Christian Convery",2018-10-12,2018,32.49,
Beautiful Boy,Shawn Ku,"Michael Sheen, Maria Bello, Alan Tudyk, Moon Bloodgood, Kyle Gallner",2011-06-03,2011,6.395,
Beauty and the Beast,Bill Condon,"Emma Watson, Dan Stevens, Luke Evans, Josh Gad, Kevin Kline",2017-03-16,2017,109.3,
Beauty and the Beast,Christophe Gans,"Léa Seydoux, Vincent Cassel, André Dussollier, Eduardo Noriega, Myriam Charleins",2014-02-12,2014,36.36,
Beauty and the Beast,David Lister,"Estella Warren, Rhett Giles, Victor Parascos, Vanessa Gray, Tony Bellette",2010-02-11,2010,6.829,
Blitz,Steve McQueen,"Elliott Heffernan, Saoirse Ronan, Harris Dickinson, Benjamin Clémentine, Kathy Burke",2024-11-01,2024,33.501,
Blitz,Elliott Lester,"Jason Statham, Paddy Considine, Aidan Gillen, Zawe Ashton, Luke Evans",2011-05-20,2011,30.12,
Breathe,Stefon Bristol,"Jennifer Hudson, Milla Jovovich, Quvenzhané Wallis, Common, Sam Worthington",2024-04-04,2024,56.687,
Breathe,Andy Serkis,"Andrew Garfield, Claire Foy, Hugh Bonneville, Tom Hollander, Miranda Raison",2017-10-13,2017,17.338,
Breathe,Mélanie Laurent,"Joséphine Japy, Lou de Laâge, Isabelle Carré, Roxane Duran, Claire Keim",2014-11-12,2014,8.079,
Brothers,Max Barbakow,"Josh Brolin, Peter Dinklage, Glenn Close, Brendan Fraser, Taylour Paige",2024-10-10,2024,86.536,
Brothers,Olivier Casas,"Mathieu Kassovitz, Yvan Attal, Anaïs Parello, Cécile Morel, Alma Jodorowsky",2024-04-24,2024,12.136,
Brothers,Karan Malhotra,"Akshay Kumar, Sidharth Malhotra, Jackie Shroff, Jacqueline Fernandez, Shefali Shah",2015-08-14,2015,7.617,
Cargo,"Ben Howling, Yolanda Ramke","Martin Freeman, Simone Landers, Anthony Hayes, Susie Porter, Caren Pistorius",2017-10-06,2017,29.27,
Cargo,"Yolanda Ramke, Ben Howling","Andy Rodoreda, Alison Gallagher, Ruth Venn, Yolanda Ramke, Kallan Richards",2013-04-02,2013,7.697,
Cherry,"Joe Russo, Anthony Russo","Tom Holland, Ciara Bravo, Jack Reynor, Michael Rispoli, Jeffrey Wahlberg",2021-02-26,2021,31.649,
Cherry,Jeffrey Fine,"Kyle Gallner, Laura Allen, Britt Robertson, Matt Walsh, Esai Morales",2010-10-08,2010,5.4,
Cinderella,Kay Cannon,"Camila Cabello, Nicholas Galitzine, Idina Menzel, Billy Porter, Pierce Brosnan",2021-09-03,2021,29.788,
Cinderella,Kenneth Branagh,"Lily James, Cate Blanchett, Richard Madden, Stellan Skarsgård, Holliday Grainger",2015-03-06,2015,104.479,
City Hunter,Yuichi Satoh,"Ryohei Suzuki, Misato Morita, Masanobu Ando, Fumino Kimura, Asuka Hanamura",2024-04-24,2024,51.573,
City Hunter,Philippe Lacheau,"Philippe Lacheau, Élodie Fontan, Tarek Boudali, Julien Arruti, Didier Bourdon",2019-02-06,2019,11.599,
Close,Lukas Dhont,"Eden Dambrine, Gustav De Waele, Émilie Dequenne, Léa Drucker, Igor van Dessel",2022-11-01,2022,30.07,
Close,Vicky Jewson,"Noomi Rapace, Sophie Nélisse, Indira Varma, Eoin Macken, Akin Gazi",2019-02-22,2019,26.288,
Counterattack,Chava Cartas,"Luis Alberti, Noé Hernández, Leonardo Alonso, Luis Curiel, Guillermo Nava",2025-02-27,2025,80.174,
Counterattack,Vincent Zhao Wenzhuo,"Vincent Zhao Wenzhuo, Jiang Yiyi, Lu Peng, Song Hanhuan, Diego Dati",2021-02-15,2021,51.066,
Crawl,Alexandre Aja,"Kaya Scodelario, Barry Pepper, Morfydd Clark, Ross Anderson, Jose Palma",2019-07-11,2019,34.256,
Crawl,Paul China,"Lauren Dillon, George Shevtsov, Paul Holmes, Georgina Haig, Bob Newman",2011-10-15,2011,4.554,
Damsel,Juan Carlos Fresnadillo,"Millie Bobby Brown, Ray Winstone, Angela Bassett, Brooke Carter, Nick Robinson",2024-03-07,2024,85.795,
Damsel,"David Zellner, Nathan Zellner","Robert Pattinson, Mia Wasikowska, David Zellner, Nathan Zellner, Joseph Billingiere",2018-06-22,2018,9.939,
Dead Sea,Phil Volken,"Isabel Gravitt, Alexander Wraith, Dean Cameron, Garrett Wareing, Genneya Walton",2024-07-26,2024,36.666,
Dead Sea,Brandon Slagle,"James Duval, Devanny Pinn, Tawny Amber Young, Alexis Iacono, Britt Griffith",2014-04-15,2014,6.799,
Dear David,Lucky Kuswandi,"Shenina Cinnamon, Emir Mahira, Caitlin North Lewis, Palestina Irtiza, Michael Olindo",2023-02-09,2023,65.74,
Dear David,John McPhail,"Augustus Prew, Andrea Bang, Justin Long, René Escobar Jr., Cameron Nicoll",2023-10-13,2023,10.85,
Dear Santa,Bobby Farrelly,"Robert Timothy Smith, Jack Black, Keegan-Michael Key, Brianne Howey, Hayes MacArthur",2024-11-24,2024,34.456,
Dear Santa,Jason Priestley,"Amy Acker, David Haydn-Jones, Gina Holden, James Dugan, Patrick Creery",2011-08-11,2011,6.567,
Desire,Diego Kaplan,"Mónica Antonópulos, Guilherme Winter, Juan Sorini, Andrea Frigerio, Sol Charo Martínez",2017-10-05,2017,14.665,
Desire,Laurent Bouhnik,"Déborah Révy, Hélène Zimmer, Gowan Didi, Johnny Amaro, Johan Libéreau",2011-10-06,2011,40.803,
Diary of a Wimpy Kid,Swinton O. Scott III,"Brady Noon, Ethan William Childress, Hunter Dillon, Erica Cerra, Chris Diamantopoulos",2021-12-02,2021,26.503,
Diary of a Wimpy Kid,Thor Freudenthal,"Zachary Gordon, Robert Capron, Steve Zahn, Devon Bostick, Rachael Harris",2010-03-19,2010,31.191,
Diary of a Wimpy Kid: Rodrick Rules,Luke Cormican,"Brady Noon, Ethan William Childress, Hunter Dillon, Erica Cerra, Chris Diamantopoulos",2022-12-02,2022,21.821,
Diary of a Wimpy Kid: Rodrick Rules,David Bowers,"Zachary Gordon, Devon Bostick, Robert Capron, Steve Zahn, Rachael Harris",2011-03-25,2011,28.707,
Dogman,Luc Besson,"Caleb Landry Jones, Jojo T. Gibbs, Christopher Denham, Clemens Schick, John Charles Aguilar",2023-09-27,2023,121.774,
Dogman,Matteo Garrone,"Marcello Fonte, Edoardo Pesce, Nunzia Schiano, Adamo Dionisi, Francesco Acquaroli",2018-05-17,2018,14.209,
Drive,Tarun Mansukhani,"Sushant Singh Rajput, Jacqueline Fernandez, Vikramjeet Virk, Sapna Pabbi, Boman Irani",2019-11-01,2019,7.307,
Drive,Nicolas Winding Refn,"Ryan Gosling, Carey Mulligan, Bryan Cranston, Albert Brooks, Oscar Isaac",2011-09-15,2011,39.282,
Dune,Denis Villeneuve,"Timothée Chalamet, Rebecca Ferguson, Oscar Isaac, Jason Momoa, Stellan Skarsgård",2021-09-15,2021,148.343,
Dune,Gábor Ulrich,,2020-06-15,2020,7.118,
Eden,Ron Howard,"Jude Law, Vanessa Kirby, Daniel Brühl, Sydney Sweeney, Ana de Armas",2025-04-03,2025,49.372,
Eden,Estefanía Cortes,"Charlotte Vega, Marta Nieto, Israel Elejalde, Ramón Barea",2022-10-28,2022,10.487,
Eden,Ulla Heikkilä,"Aamu Milonoff, Linnea Skog, Bruno Baer, Amos Brotherus, Satu Tuuli Karhu",2020-08-07,2020,6.066,
Eden,Mia Hansen-Løve,"Félix de Givry, Pauline Étienne, Vincent Macaigne, Hugo Conzelmann, Zita Hanrot",2014-11-19,2014,14.162,
Eden,Megan Griffiths,"Jamie Chung, Matt O'Leary, Beau Bridges, Jeanine Monterroza, Naama Kates",2013-03-20,2013,15.387,
Eden,Shyam Madiraju,"Jessica Lowndes, Ethan Peck, Diego Boneta, Nate Parker, Mario Casas",2013-07-19,2013,8.203,
Escape,Lee Jong-pil,"Lee Je-hoon, Koo Kyo-hwan, Hong Xa-bin, Seo Hyun-woo, Lee Sung-wook",2024-07-03,2024,46.375,
Escape,Howard J. Ford,"Sarah Alexandra Marks, Sophie Rankin, Sean Cronin, Glenn Salvage, Jon-Paul Gates",2024-03-15,2024,19.436,
Escape,Roar Uthaug,"Isabel Christine Andreasen, Ingrid Bolsø Berdal, Kristian Espedal, Hallvard Holmen, Bjørn Moan",2012-09-28,2012,9.843,
Escape Room,Adam Robitel,"Taylor Russell, Logan Miller, Jay Ellis, Deborah Ann Woll, Nik Dodani",2019-01-03,2019,42.393,
Escape Room,Will Wernick,"Evan Williams, Annabelle Stephenson, Elisabeth Hower, Dan J. Johnson, John Ierardi",2017-06-19,2017,15.489,
Escape Room,Peter Dukes,"Skeet Ulrich, Sean Young, Christine Donlon, Randy Wayne, Matt McVay",2017-08-31,2017,10.722,
Extinction,Ben Young,"Michael Peña, Lizzy Caplan, Israel Broussard, Mike Colter, Lex Shrapnel",2018-07-15,2018,54.505,
Extinction,Miguel Ángel Vivas,"Matthew Fox, Jeffrey Donovan, Quinn McColgan, Valeria Vereau, Clara Lago",2015-08-07,2015,33.104,
Extinction,Adam Spinks,"Ben Loyd-Holmes, Sarah Mac, Neil Newbon, Daniel Caren, Emma Lillie Lees",2014-08-24,2014,13.344,
Extraction,Sam Hargrave,"Chris Hemsworth, Rudhraksh Jaiswal, Randeep Hooda, Golshifteh Farahani, Pankaj Tripathi",2020-04-23,2020,50.256,
Extraction,Steven C. Miller,"Bruce Willis, Gina Carano, Kellan Lutz, D. B. Sweeney, Dan Bilzerian",2015-12-18,2015,14.433,
Extraction,Tony Giglio,"Jonathan Patrick Foo, Danny Glover, Sean Astin, Joanne Kelly, Falk Hentschel",2013-09-05,2013,9.639,
Flow,Gints Zilbalodis,,2024-08-29,2024,632.705,
Flow,Hugues Hariche,"John Fournier, Michaela Landay, Michael Warshauer, Nicolas V. Costrini, Jared Bacon",2012-11-14,2012,6.163,
Freedom,Mélanie Laurent,"Lucas Bravo, Yvan Attal, Léa Luce Busato, Steve Tientcheu, David Ayala",2024-11-01,2024,71.049,
Freedom,Peter Cousens,"Bernhard Forcher, Cuba Gooding Jr., William Sadler, Sharon Leal, David Rasche",2014-08-21,2014,6.506,
Frozen,"Chris Buck, Jennifer Lee","Kristen Bell, Idina Menzel, Jonathan Groff, Josh Gad, Livvy Stubenrauch",2013-11-20,2013,109.748,
Frozen,Adam Green,"Emma Bell, Shawn Ashmore, Kevin Zegers, Ed Ackerman, Rileah Vanderbilt",2010-02-05,2010,30.006,
Get Out,Jordan Peele,"Daniel Kaluuya, Allison Williams, Catherine Keener, Bradley Whitford, Caleb Landry Jones",2017-02-24,2017,65.597,
Get Out,"Pascal Han-Kwan, Tristan Reinarz, Fanny Roche, Charlotte Boisson, Julien Fourvel","Jacques Briere, Philippe Peythieu",2010-02-01,2010,4.533,
Good Boy,Ben Leonberg,"Stuart Rudin, Shane Jensen, Larry Fessenden, Arielle Friedman, Anya Krawcheck",2025-03-08,2025,7.448,
Good Boy,Viljar Bøe,"Gard Løkke, Katrine Lovise Øpstad Fredriksen, Amalie Willoch Njaastad, Nicolai Narvesen Lied, Viljar Bøe",2022-06-03,2022,37.941,
Good Boy,Tyler MacIntyre,"Judy Greer, Ellen Wong, McKinley Freeman, Steve Guttenberg, Elise Neal",2020-06-12,2020,7.822,
Haunt,"Scott Beck, Bryan Woods","Katie Stevens, Will Brittain, Lauryn McClain, Shazi Raja, Andrew Lewis Caldwell",2019-09-13,2019,39.539,
Haunt,Mac Carter,"Jacki Weaver, Liana Liberato, Danielle C. Ryan, Harrison Gilbertson, Brian Wimmer",2014-06-27,2014,10.322,
High Society,Byun Hyuk,"Park Hae-il, Soo Ae, Yoon Je-moon, Ra Mi-ran, Lee Jin-uk",2018-08-29,2018,18.386,
High Society,Anika Decker,"Emilia Schüle, Jannis Niewöhner, Caro Cult, Iris Berben, Katja Riemann",2017-09-14,2017,32.603,
Hold Your Breath,"Will Joines, Karrie Crouse","Sarah Paulson, Amiah Miller, Annaleigh Ashford, Alona Jane Robbins, Ebon Moss-Bachrach",2024-09-12,2024,33.679,
Hold Your Breath,Jared Cohn,"Katrina Bowden, Randy Wayne, Erin Marie Hogan, Steve Hanks, Joshua Michael Allen",2012-10-05,2012,7.589,
How to Train Your Dragon,Dean DeBlois,"Mason Thames, Nico Parker, Gerard Butler, Nick Frost, Julian Dennison",2025-06-11,2025,71.591,
How to Train Your Dragon,"Chris Sanders, Dean DeBlois","Jay Baruchel, Gerard Butler, Craig Ferguson, America Ferrera, Jonah Hill",2010-03-18,2010,110.044,
Hypnotic,Robert Rodriguez,"Ben Affleck, Alice Braga, William Fichtner, J. D. Pardo, Dayo Okeniyi",2023-05-11,2023,37.993,
Hypnotic,"Matt Angel, Suzanne Coote","Kate Siegel, Jason O'Mara, Dulé Hill, Lucie Guest, Jaime M. Callica",2021-10-27,2021,15.46,
I'm Still Here,Walter Salles,"Fernanda Torres, Selton Mello, Valentina Herszage, Bárbara Luz, Guilherme Silveira",2024-09-19,2024,234.13,
I'm Still Here,Casey Affleck,"Joaquin Phoenix, Antony Langdon, Carey Perloff, Larry McHale, Casey Affleck",2010-09-10,2010,20.803,
Incoming,"Dave Chernin, John Chernin","Mason Thames, Ramon Reed, Raphael Alejandro, Isabella Ferreira, Bardia Seiri",2024-08-22,2024,46.797,
Incoming,Eric Zaragoza,"Scott Adkins, Aaron McCusker, Michelle Lehane, Vahidin Prelić, Lukas Loughran",2018-05-04,2018,9.858,
Inheritance,Neil Burger,"Phoebe Dynevor, Rhys Ifans, Ciara Baxendale, Kersti Bryan, Majd Eid",2025-01-24,2025,75.412,
Inheritance,Sylwester Jakimow,"Maciej Stuhr, Gabriela Muskała, Franciszek Słomiński, Józefina Karnkowska, Joanna Trzepiecińska",2024-06-19,2024,13.243,
Inheritance,Vaughn Stein,"Lily Collins, Simon Pegg, Connie Nielsen, Chace Crawford, Patrick Warburton",2020-04-30,2020,22.517,
Into the Deep,Christian Sesma,"Scout Taylor-Compton, Richard Dreyfuss, Stuart Townsend, Jon Seda, AnnaMaria Demara",2025-01-23,2025,27.858,
Into the Deep,Kate Cox,"Ella-Rae Smith, Jessica Alexander, Matthew Daddario, Nikkita Chadha, Jack Morris",2022-08-26,2022,11.065,
Invasion,Bobby Boermans,"Tarikh Janssen, Gijs Blom, Ortál Vriend, Jasha Rudge, Fedja van Huêt",2024-04-11,2024,58.737,
Invasion,Fyodor Bondarchuk,"Alexander Petrov, Irina Starshenbaum, Oleg Menshikov, Rinal Mukhametov, Yura Borisov",2020-02-27,2020,33.552,
It,Andy Muschietti,"Jaeden Martell, Sophia Lillis, Jack Dylan Grazer, Finn Wolfhard, Jeremy Ray Taylor",2017-09-06,2017,68.356,
It,"Anouk de Clercq, Tom Callemin",,2017-12-14,2017,12.823,
Joy,Ben Taylor,"Bill Nighy, James Norton, Thomasin McKenzie, Charlie Murphy, Rish Shah",2024-11-15,2024,29.708,
Joy,David O. Russell,"Jennifer Lawrence, Robert De Niro, Bradley Cooper, Edgar Ramírez, Diane Ladd",2015-12-24,2015,20.053,
Kill,Nikhil Nagesh Bhat,"Lakshya Lalwani, Raghav Juyal, Tanya Maniktala, Ashish Vidhyarthi, Abhishek Chauhan",2024-07-03,2024,76.746,
Kill,Rodger Griffiths,"Daniel Portman, Brian Vernel, Calum Ross, Paul Higgins, James Harkness",2024-09-06,2024,14.604,
Lady Chatterley's Lover,Laure de Clermont-Tonnerre,"Emma Corrin, Jack O'Connell, Matthew Duckett, Joely Richardson, Faye Marsay",2022-11-22,2022,25.415,
Lady Chatterley's Lover,Jed Mercurio,"Richard Madden, Holliday Grainger, James Norton, Howard Ward, Elizabeth Rider",2015-09-06,2015,10.504,
Last Breath,Alex Parkinson,"Woody Harrelson, Simu Liu, Finn Cole, Cliff Curtis, Mark Bonnar",2025-02-24,2025,52.814,
Last Breath,Costa-Gavras,"Denis Podalydès, Kad Merad, Virginie Sibalo, Charlotte Rampling, Marilyne Canto",2025-02-01,2025,6.467,
Last Breath,"Alex Parkinson, Richard Da Costa","Duncan Allcock, Kjetil Ove Alvestad, Stuart Anderson, Glenn Brunskill, Michal Cichorski",2019-04-05,2019,13.988,
Leap Year,Anand Tucker,"Amy Adams, Matthew Goode, Adam Scott, John Lithgow, Noel O'Donovan",2010-01-08,2010,30.524,
Leap Year,Michael Rowe,"Mónica del Carmen, Gustavo Sánchez Parra, Marco Zapata, Dagoberto Gama, Diego Chaz",2010-05-17,2010,11.013,
Leo,"Robert Smigel, Robert Marianetti, David Wachtenheim","Adam Sandler, Bill Burr, Cecily Strong, Jason Alexander, Rob Schneider",2023-11-17,2023,65.59,
Leo,Lokesh Kanagaraj,"Vijay, Sanjay Dutt, Arjun Sarja, Trisha Krishnan, Gautham Vasudev Menon",2023-10-18,2023,11.716,
Les Misérables,Ladj Ly,"Damien Bonnard, Alexis Manenti, Djebril Zonga, Steve Tientcheu, Jeanne Balibar",2019-11-14,2019,14.956,
Les Misérables,Tom Hooper,"Hugh Jackman, Russell Crowe, Anne Hathaway, Amanda Seyfried, Sacha Baron Cohen",2012-12-18,2012,27.716,
Life,Daniel Espinosa,"Jake Gyllenhaal, Ryan Reynolds, Rebecca Ferguson, Hiroyuki Sanada, Olga Dihovichnaya",2017-03-22,2017,37.472,
Life,Anton Corbijn,"Robert Pattinson, Dane DeHaan, Joel Edgerton, Ben Kingsley, Kelly McCreary",2015-09-09,2015,9.183,
Lights Out,Christian Sesma,"Frank Grillo, Mekhi Phifer, Jaime King, Dermot Mulroney, Scott Adkins",2024-02-16,2024,21.51,
Lights Out,David F. Sandberg,"Teresa Palmer, Maria Bello, Gabriel Bateman, Alexander DiPersia, Alicia Vela-Bailey",2016-07-21,2016,26.438,
Love,Gaspar Noé,"Karl Glusman, Aomi Muyock, Klara Kristin, Ugo Fox, Juan Saavedra",2015-05-25,2015,25.165,
Love,William Eubank,"Gunner Wright, Wesley Sellick, Corey Richardson, Bradley Horne, Nancy Stelle",2011-02-02,2011,6.504,
Mama,Adi Garin,"Nafiza Fatia Rani, Rizky Hanggono, Ayu Inten, Agnes Naomi, Tanta Ginting",2025-01-23,2025,6.672,
Mama,Andy Muschietti,"Jessica Chastain, Nikolaj Coster-Waldau, Megan Charpentier, Isabelle Nélisse, Daniel Kash",2013-01-17,2013,34.348,
Man in Love,Chen-Hao Yin,"Roy Chiu, Tiffany Hsu Wei-Ning, Tsai Chen-Nan, Chung Hsin-ling, Lan Wei-Hua",2021-04-01,2021,25.333,
Man in Love,Han Dong-wook,"Hwang Jung-min, Han Hye-jin, Nam Il-woo, Kwak Do-won, Jeong Man-sik",2014-01-22,2014,5.891,
Marco,Haneef Adeni,"Unni Mukundan, Siddique, Ishan Shoukath, Jagadish, Abhimanyu Thilakan",2024-12-20,2024,34.38,
Marco,"Martí Garcia Solé, Eneko Amasene, Arnau García, Guifré Surinyac","Martí Garcia Solé, Guifré Surinyac, Arnau García, Eneko Amasene, Alan García",2024-06-29,2024,14.659,
Maria,Pablo Larraín,"Angelina Jolie, Pierfrancesco Favino, Alba Rohrwacher, Haluk Bilginer, Kodi Smit-McPhee",2024-11-27,2024,67.611,
Maria,Pedring Lopez,"Cristine Reyes, Ivan Padilla, KC Montero, Ronnie Lazaro, Freddie Webb",2019-03-07,2019,10.018,
Mary,D.J. Caruso,"Anthony Hopkins, Noa Cohen, Ido Tako, Mili Avital, Stephanie Nur",2024-12-12,2024,33.182,
Mary,Michael Goi,"Gary Oldman, Emily Mortimer, Manuel Garcia-Rulfo, Owen Teague, Jennifer Esposito",2019-09-19,2019,11.713,
Memory,Michel Franco,"Jessica Chastain, Peter Sarsgaard, Merritt Wever, Josh Charles, Elsie Fisher",2023-12-22,2023,14.605,
Memory,Martin Campbell,"Liam Neeson, Guy Pearce, Taj Atwal, Harold Torres, Ray Fearon",2022-04-28,2022,37.445,
Miracle in Cell No. 7,Mehmet Ada Öztekin,"Aras Bulut İynemli, Nisa Sofiya Aksongur, İlker Aksum, Mesut Akusta, Yıldıray Şahinler",2019-10-10,2019,31.123,
Miracle in Cell No. 7,Lee Hwan-kyung,"Ryu Seung-ryong, Park Shin-hye, Kal So-won, Jung Jin-young, Oh Dal-su",2013-01-23,2013,17.687,
Monolith,Matt Vesely,"Lily Sullivan, Ling Cooper Tang, Ansuya Nathan, Erik Thomson, Terence Crawford",2023-10-26,2023,43.813,
Monolith,Ivan Silvestrini,"Katrina Bowden, Nixon Hodges, Crew Hodges, Damon Dayoub, Brandon W. Jones",2016-05-12,2016,14.692,
Monster,Hirokazu Kore-eda,"Soya Kurokawa, Hinata Hiiragi, Sakura Ando, Eita Nagayama, Yuko Tanaka",2023-06-02,2023,57.638,
Monster,Rako Prijanto,"Marsha Timothy, Alex Abbad, Anantya Rezky Kirana, Sulthan Hamonangan",2023-11-29,2023,11.396,
Monster,Anthony Mandler,"Kelvin Harrison, Jr., Jeffrey Wright, Jennifer Hudson, Jennifer Ehle, Tim Blake Nelson",2021-07-15,2021,10.385,
Monster,Hwang In-ho,"Kim Go-eun, Lee Min-ki, Ahn Seo-hyun, Kim Roi-ha, Kim Bu-seon",2014-03-13,2014,9.194,
Mothers' Instinct,Benoît Delhomme,"Anne Hathaway, Jessica Chastain, Anders Danielsen Lie, Josh Charles, Caroline Lagerfelt",2024-01-11,2024,33.075,
Mothers' Instinct,Olivier Masset-Depasse,"Veerle Baetens, Anne Coesens, Mehdi Nebbou, Arieh Worthalter, Jules Lefebvre",2019-04-17,2019,12.376,
Non-Stop,Jack Kinsella,"Jonathan Ogden, Archie Bysouth",2025-02-28,2025,9.303,
Non-Stop,Jaume Collet-Serra,"Liam Neeson, Julianne Moore, Scoot McNairy, Michelle Dockery, Nate Parker",2014-02-26,2014,25.908,
Non-Stop,Richard Gabai,"Lacey Chabert, Amy Davidson, Will Kemp, Betsy Russell, David Lipper",2013-11-29,2013,5.854,
Nude,Tony Sacco,"David Bellemere, Steve Shaw, Rachel Cook, Jessica Clements, Jeannie Park",2017-10-29,2017,27.026,
Nude,Yûichi Onuma,"Naoko Watanabe, Ken Mitsuishi, Aimi Satsukawa, Mihiro, Tsuyoshi Gotô",2010-09-18,2010,15.317,
Obsessed,Igor Voloshin,"Lukerya Ilyashenko, Oleg Vasilkov, Evgeny Kharitonov, Georgiy Kudrenko, Anastasiya Kuvshinova",2022-07-14,2022,11.432,
Obsessed,Kim Dae-woo,"Song Seung-heon, Lim Ji-yeon, Cho Yeo-jeong, On Ju-wan, Yoo Hai-jin",2014-05-14,2014,31.138,
One Life,James Hawes,"Anthony Hopkins, Johnny Flynn, Lena Olin, Romola Garai, Alex Sharp",2023-12-21,2023,26.613,
One Life,"Martha Holmes, Michael Gunton",Daniel Craig,2011-07-19,2011,6.183,
One More Shot,Nicholas Clifford,"Emily Browning, Sean Keenan, Ashley Zukerman, Aisha Dee, Pallavi Sharda",2025-03-07,2025,7.551,
One More Shot,James Nunn,"Scott Adkins, Michael Jai White, Alexis Knapp, Meena Rayann, Waleed Elgadi",2024-01-09,2024,25.895,
One More Shot,Tang Qiaojia,"Louis Fan Siu-Wong, Jiang Yiyi, Wang Zhipeng, Song Ziqiao, Liu Weizhou",2022-10-13,2022,11.082,
Outcast,Nick Powell,"Nicolas Cage, Hayden Christensen, Liu Yifei, Andy On Chi-Kit, Anoja Dias Bolt",2014-09-26,2014,28.584,
Outcast,Colm McCarthy,"James Nesbitt, Kate Dickie, Therese Bradley, Karen Gillan, Ciarán McMenamin",2010-12-10,2010,4.116,
Paradise,Boris Kunz,"Kostja Ullmann, Corinna Kirchhoff, Marlene Tanczik, Iris Berben, Lisa-Marie Koroll",2023-06-24,2023,27.221,
Paradise,Diablo Cody,"Julianne Hough, Russell Brand, Octavia Spencer, Holly Hunter, Nick Offerman",2013-10-18,2013,8.039,
Pinocchio,Robert Zemeckis,"Joseph Gordon-Levitt, Tom Hanks, Benjamin Evan Ainsworth, Angus Wright, Cynthia Erivo",2022-09-07,2022,29.565,
Pinocchio,Matteo Garrone,"Federico Ielapi, Roberto Benigni, Marine Vacth, Gigi Proietti, Massimo Ceccherini",2019-12-19,2019,18.611,
Pinocchio,Anna Justice,"Mario Adorf, Ulrich Tukur, Inka Friedrich, Benjamin Sadler, Sandra Hüller",2013-12-24,2013,7.192,
Prey,Mukunda Michael Dewil,"Ryan Phillippe, Emile Hirsch, Mena Suvari, Dylan Flashner, Tristan Thompson",2024-03-15,2024,153.682,
Prey,Dan Trachtenberg,"Amber Midthunder, Dakota Beavers, Michelle Thrush, Stormee Kipp, Julian Black Antelope",2022-08-02,2022,76.409,
Prey,Thomas Sieben,"David Kross, Hanno Koffler, Maria Ehrich, Robert Finster, Yung Ngo",2021-09-10,2021,14.419,
Prey,Franck Khalfoun,"Logan Miller, Kristine Froseth, Jolene Anderson, Phodiso Dintwe, Jerrica Xufei Lai",2019-07-18,2019,14.452,
Prey,Dick Maas,"Sophie van Winden, Julian Looman, Mark Frost, Rienus Krul, Victor Löw",2016-10-13,2016,7.926,
RED,FreddyLee Bourne,"Kai Zhao, Elsie Cairns, FreddyLee Bourne",2025-03-07,2025,8.551,
RED,Robert Schwentke,"Bruce Willis, John Malkovich, Morgan Freeman, Helen Mirren, Mary-Louise Parker",2010-10-13,2010,36.185,
Retribution,Nimród Antal,"Liam Neeson, Lilly Aspell, Jack Champion, Matthew Modine, Noma Dumezweni",2023-08-23,2023,46.03,
Retribution,Dani de la Torre,"Luis Tosar, Paula del Río, Marco Sanz, Javier Gutiérrez, Elvira Mínguez",2015-09-21,2015,11.857,
Revenge,Lee Beom,"Seo Dong-kyu, Hong Kyung-in, Han Ah-yoon, Kim Min-dong",2024-09-10,2024,47.34,
Revenge,Coralie Fargeat,"Matilda Lutz, Kevin Janssens, Vincent Colombe, Guillaume Bouchède, Jean-Louis Tribes",2018-02-07,2018,30.114,
Rita,Jerry Lopez Sineneng,"Christine Bermas, Gold Aceron, VR Relosa, Josh Ivan Morales, Sahil Khan",2024-03-22,2024,188.189,
Rita,Paz Vega,"Sofía Allepuz, Alejandro Escamilla, Paz Vega, Roberto Álamo, Paz de Alarcón",2024-10-25,2024,72.637,
Rita,Jayro Bustamante,"Giuliana Santa Cruz, Ángela Quevedo, Alejandra Vázquez, Isabel Aldana, Glendy Rucal",2024-07-18,2024,11.659,
Robin Hood,Otto Bathurst,"Taron Egerton, Jamie Foxx, Ben Mendelsohn, Eve Hewson, Jamie Dornan",2018-11-03,2018,19.547,
Robin Hood,Ridley Scott,"Russell Crowe, Cate Blanchett, Max von Sydow, William Hurt, Mark Strong",2010-05-12,2010,30.765,
Security,Peter Chelsom,"Marco D'Amore, Maya Sansa, Silvio Muccino, Valeria Bilello, Ludovica Martino",2021-06-07,2021,8.454,
Security,Alain Desrochers,"Antonio Banderas, Ben Kingsley, Liam McIntyre, Chad Lindberg, Gabriella Wright",2017-03-04,2017,25.68,
Silent Night,John Woo,"Joel Kinnaman, Kid Cudi, Harold Torres, Catalina Sandino Moreno, Valeria Santaella",2023-11-30,2023,29.579,
Silent Night,Camille Griffin,"Keira Knightley, Matthew Goode, Roman Griffin Davis, Annabelle Wallis, Lily-Rose Depp",2021-12-03,2021,15.179,
Silent Night,Steven C. Miller,"Malcolm McDowell, Jaime King, Donal Logue, Ellen Wong, Lisa Marie",2012-11-30,2012,9.475,
Siren,Gregg Bishop,"Chase Williamson, Justin Welborn, Hannah Fierman, Michael Aaron Milligan, Hayes Mercure",2016-12-02,2016,26.178,
Siren,Jesse Peyronel,"Vinessa Shaw, Robert Kazinsky, Bess Wohl, Ross Partridge, Christian Winsor",2013-10-26,2013,5.863,
Siren,Andrew Hull,"Eoin Macken, Anna Skellern, Tereza Srbova, Tarek Anthony Jabre",2010-11-11,2010,8.007,
Smile,Parker Finn,"Sosie Bacon, Kyle Gallner, Jessie T. Usher, Robin Weigert, Caitlin Stasey",2022-09-23,2022,79.871,
Smile,Vicente Garibay Lijanova,"Yollotl Manzur, Miguel Barreiro",2021-09-07,2021,10.864,
Speak No Evil,James Watkins,"James McAvoy, Mackenzie Davis, Scoot McNairy, Aisling Franciosi, Alix West Lefler",2024-09-11,2024,118.93,
Speak No Evil,Christian Tafdrup,"Morten Burian, Sidsel Siem Koch, Fedja van Huêt, Karina Smulders, Liva Forsberg",2022-03-17,2022,14.16,
Speak No Evil,Roze,"Gabrielle Stone, Olivia Cavender, Carl Jensen IV, Mario Guzman, Greg Bronson",2013-05-24,2013,5.68,
Spellbound,Vicky Jenson,"Rachel Zegler, Miguel Bernardeau, Giovanna Bush, Dennis Stowe, Jenifer Lewis",2024-11-22,2024,145.578,
Spellbound,Hwang In-ho,"Son Ye-jin, Lee Min-ki, Park Cheol-min, Hwang Seung-eon, Kim Hyun-sook",2011-12-01,2011,10.461,
Sugar Baby,Alexander Prost,"Daniil Vorobyov, Angelina Zagrebina, Alla Yuganova, Anastasiya Panina, Vladimir Zherebtsov",2024-04-25,2024,27.936,
Sugar Baby,Christian Paolo Lat,"Azi Acosta, Robb Guinto, Jeffrey Hidalgo, Josef Elizalde, Ralmon Mendoza",2023-11-24,2023,19.28,
Sugar Baby,Berardo Carboni,"Matilda De Angelis, Donatella Finocchiaro, Alessandro Haber, Luca Lionello, Pamela Villoresi",2018-04-25,2018,9.129,
Survive,Frédéric Jardin,"Émilie Dequenne, Andreas Pietschmann, Lisa Delamar, Lucas Ebel, Arben Bajraktaraj",2024-06-19,2024,212.742,
Survive,Mark Pellington,"Sophie Turner, Corey Hawkins, Dane Foxx, Caroline Goodall, Makgotso M",2022-05-12,2022,19.223,
Tabu,Miguel Gomes,"Teresa Madruga, Laura Soveral, Ana Moreira, Henrique Espírito Santo, Carloto Cotta",2012-04-05,2012,27.859,
Tabu,"Jean-Julien Collette, Vincent Coen","Sandrine André, Tony Denman, Warre Borgmans, Angela Muto, Christelle Cornil",2010-05-01,2010,26.226,
Terrifier,Damien Leone,"David Howard Thornton, Jenna Kanell, Samantha Scaffidi, Catherine Corcoran, Pooya Mohseni",2018-01-25,2018,64.31,
Terrifier,Damien Leone,"Marie Maser, Mike Giannelli, Michael Chmiel, Daniel Rodas, Jennifer Castellano",2011-08-09,2011,30.598,
The American,James Napier Robertson,"Talia Ryder, Diane Kruger, Oleg Ivenko, Natasha Alderslade, Natalia Osipova",2023-11-02,2023,27.961,
The American,Anton Corbijn,"George Clooney, Violante Placido, Thekla Reuten, Paolo Bonacelli, Johan Leysen",2010-08-31,2010,21.884,
The Beach House,Jeffrey A. Brown,"Liana Liberato, Noah Le Gros, Jake Weber, Maryann Nagel, Steven Corkin",2020-10-22,2020,9.659,
The Beach House,Roger Spottiswoode,"Minka Kelly, Chad Michael Murray, Andie MacDowell, Makenzie Vega, Donna Biscoe",2018-04-28,2018,29.136,
The Beast,Bertrand Bonello,"Léa Seydoux, George MacKay, Guslagie Malanda, Dasha Nekrasova, Martin Scali",2024-02-07,2024,31.9,
The Beast,Ludovico Di Martino,"Fabrizio Gifuni, Lino Musella, Monica Piseddu, Andrea Pennacchi, Emanuele Linfatti",2020-11-27,2020,9.791,
The Boy,William Brent Bell,"Lauren Cohan, Rupert Evans, James Russell, Jim Norton, Diana Hardcastle",2016-01-22,2016,28.865,
The Boy,Craig William Macneill,"David Morse, Rainn Wilson, Jared Breeze, Bill Sage, Mike Vogel",2015-08-14,2015,7.182,
The Call,Lee Chung-hyun,"Park Shin-hye, Jun Jong-seo, Kim Sung-ryung, Lee El, Park Ho-san",2020-11-23,2020,24.029,
The Call,Timothy Woodward Jr.,"Lin Shaye, Tobin Bell, Chester Rushing, Erin Sanders, Judd Lormand",2020-10-23,2020,8.298,
The Call,Brad Anderson,"Halle Berry, Abigail Breslin, Morris Chestnut, Michael Eklund, David Otunga",2013-03-14,2013,28.243,
The Colony,Tim Fehlbaum,"Nora Arnezeder, Iain Glen, Sarah-Sofie Boussnina, Sope Dirisu, Sebastian Roché",2021-08-26,2021,26.531,
The Colony,Jeff Renfroe,"Kevin Zegers, Laurence Fishburne, Bill Paxton, Charlotte Sullivan, John Tench",2013-04-12,2013,25.877,
"The Gangster, the Cop, the Devil",Wei Li,"Liu Junxiao, Collin Chou, Kent Tong Chun-Yip, Ken Lok Tat-Wah, Rong Fei",2023-03-10,2023,9.891,
"The Gangster, the Cop, the Devil",Lee Won-tae,"Don Lee, Kim Moo-yul, Kim Sung-kyu, Heo Dong-won, Yoo Jae-myung",2019-05-15,2019,127.21,
The Girl on the Train,Ribhu Dasgupta,"Parineeti Chopra, Aditi Rao Hydari, Kirti Kulhari, Tota Roy Chowdhury, Shamaun Ahmed",2021-02-26,2021,9.304,
The Girl on the Train,Tate Taylor,"Emily Blunt, Rebecca Ferguson, Haley Bennett, Justin Theroux, Luke Evans",2016-10-05,2016,28.853,
The Host,Andy Newbery,"Maryam Hassouni, Mike Beckingham, Dougie Poynter, Nigel Barber, Suan-Li Ong",2020-01-17,2020,7.06,
The Host,Andrew Niccol,"Saoirse Ronan, Diane Kruger, Max Irons, Jake Abel, William Hurt",2013-03-22,2013,36.152,
The House,Anissa Bonnefont,"Ana Girardot, Aure Atika, Rossy de Palma, Yannick Renier, Philippe Rebbot",2022-11-16,2022,36.447,
The House,"Paloma Baeza, Emma De Swaef, Niki Lindroth von Bahr, Marc James Roels","Mia Goth, Matthew Goode, Claudie Blakley, Eleanor De Swaef-Roels, Mark Heap",2022-01-14,2022,18.973,
The House,Andrew J. Cohen,"Amy Poehler, Will Ferrell, Jason Mantzoukas, Ryan Simpkins, Nick Kroll",2017-06-29,2017,10.702,
The Hunt,Craig Zobel,"Betty Gilpin, Hilary Swank, Ethan Suplee, Teri Wyble, Ike Barinholtz",2020-03-11,2020,41.796,
The Hunt,Thomas Vinterberg,"Mads Mikkelsen, Thomas Bo Larsen, Annika Wedderkopp, Lasse Fogelstrøm, Susse Wold",2012-06-13,2012,41.569,
The Invitation,Jessica M. Thompson,"Nathalie Emmanuel, Thomas Doherty, Sean Pertwee, Hugh Skinner, Carol Ann Crawford",2022-08-24,2022,26.079,
The Invitation,Karyn Kusama,"Logan Marshall-Green, Tammy Blanchard, Emayatzy Corinealdi, Michiel Huisman, John Carroll Lynch",2016-04-08,2016,23.529,
The Island,Shaun Paul Piccinino,"Michael Jai White, Jackson Rathbone, Gillian White, Edoardo Costa, Wayne Gordon",2023-07-21,2023,624.835,
The Island,Huang Bo,"Huang Bo, Shu Qi, Wang Baoqiang, Zhang Yixing, Yu Hewei",2018-08-10,2018,7.083,
The Killer,John Woo,"Nathalie Emmanuel, Omar Sy, Sam Worthington, Diana Silvers, Saïd Taghmaoui",2024-08-22,2024,59.042,
The Killer,David Fincher,"Michael Fassbender, Tilda Swinton, Charles Parnell, Arliss Howard, Kerry O'Malley",2023-10-25,2023,24.011,
The Killer,Choi Jae-hoon,"Jang Hyuk, Lee Seo-young, Bruce Khan, Bang Eun-jeong, Lee Seung-joon",2022-07-13,2022,31.135,
The Killer,Marcelo Galvão,"Diogo Morgado, Maria de Medeiros, Etienne Chicot, Paulo Gorgulho, Marat Descartes",2017-09-13,2017,8.73,
The King,David Michôd,"Timothée Chalamet, Joel Edgerton, Sean Harris, Tom Glynn-Carney, Lily-Rose Depp",2019-10-11,2019,28.889,
The King,Han Jae-rim,"Zo In-sung, Jung Woo-sung, Bae Sung-woo, Kim A-joong, Ryu Jun-yeol",2017-01-18,2017,8.495,
The Ledge,Howard J. Ford,"Brittany Ashworth, Nathan Welsh, Anaïs Parello, Louis Boyer, Ben Lamb",2022-02-18,2022,39.69,
The Ledge,Matthew Chapman,"Charlie Hunnam, Liv Tyler, Terrence Howard, Patrick Wilson, Jaqueline Fleming",2011-05-06,2011,11.291,
The Legend of La Llorona,Patricia Harris Seeley,"Autumn Reeser, Antonio Cupo, Danny Trejo, Nicolas Madrazo, Angélica Lara",2022-01-07,2022,19.815,
The Legend of La Llorona,Alberto Rodríguez,"Rafael Inclán, Yair Prado, Mónica del Carmen, Mayté Cordero, Rosario Zúñiga",2011-10-21,2011,28.754,
The Little Mermaid,Rob Marshall,"Halle Bailey, Jonah Hauer-King, Melissa McCarthy, Javier Bardem, Noma Dumezweni",2023-05-18,2023,98.105,
The Little Mermaid,Michael Johnson,"Sonya Krueger, Dee Wallace, Steve Guttenberg, Sharon Desiree, Tammy Klein",2023-05-30,2023,9.298,
The Little Mermaid,"Chris Bouchard, Blake Harris","Poppy Drayton, Shirley MacLaine, Loreto Peralta, William Moseley, Gina Gershon",2018-08-02,2018,18.701,
The Monkey,Osgood Perkins,"Theo James, Tatiana Maslany, Christian Convery, Colin O'Brien, Adam Scott",2025-02-14,2025,305.841,
The Monkey,Spencer Sherry,"Mark Koenig, Lilly Moran, Chris Gaunt, Courtland Jones, Vaden Thurgood",2023-05-06,2023,14.251,
The Monkey King,Anthony Stacchi,"Jimmy O. Yang, Bowen Yang, Jolie Hoang-Rappaport, Jo Koy, Ron Yuan",2023-08-11,2023,29.224,
The Monkey King,Soi Cheang,"Donnie Yen Chi-Tan, Aaron Kwok Fu-Shing, Joe Chen, Chow Yun-Fat, Peter Ho",2014-01-09,2014,23.698,
The Most Beautiful Girl in the World,Robert Ronny,"Reza Rahadian, Sheila Dara, Kevin Julio, Indra Birowo, Jihane Almira",2025-02-13,2025,140.195,
The Most Beautiful Girl in the World,Aron Lehmann,"Aaron Hilmer, Luna Wedler, Damian Hardung, Jonas Ems, Anke Engelke",2018-09-06,2018,10.439,
The Mule,Clint Eastwood,"Clint Eastwood, Bradley Cooper, Laurence Fishburne, Michael Peña, Dianne Wiest",2018-12-14,2018,25.928,
The Mule,Tony Mahony,"Hugo Weaving, Angus Sampson, Leigh Whannell, Ewen Leslie, Geoff Morrell",2014-03-10,2014,7.981,
The Nun,Corin Hardy,"Taissa Farmiga, Demián Bichir, Bonnie Aarons, Jonas Bloquet, Ingrid Bisu",2018-09-05,2018,72.536,
The Nun,Guillaume Nicloux,"Pauline Étienne, Isabelle Huppert, Louise Bourgoin, Martina Gedeck, Agathe Bonitzer",2013-03-20,2013,6.239,
The Other Woman,Daniel Auteuil,"Daniel Auteuil, Gérard Depardieu, Sandrine Kiberlain, Adriana Ugarte, John Sehil",2018-04-26,2018,8.426,
The Other Woman,Nick Cassavetes,"Cameron Diaz, Leslie Mann, Kate Upton, Nikolaj Coster-Waldau, Don Johnson",2014-04-16,2014,27.135,
The Other Woman,Don Roos,"Natalie Portman, Scott Cohen, Charlie Tahan, Lauren Ambrose, Lisa Kudrow",2010-10-28,2010,10.896,
The Return,Uberto Pasolini,"Ralph Fiennes, Juliette Binoche, Charlie Plummer, Marwan Kenzari, Claudio Santamaria",2024-09-07,2024,68.871,
The Return,BJ Verot,"Richard Harmon, Sara Thompson, Marina Stephenson Kerr, Kristen Sawatzky, Erik Athavale",2020-09-05,2020,16.097,
The Ritual,David Midell,"Al Pacino, Dan Stevens, Ashley Greene, Abigail Cowen, Patricia Heaton",2025-04-18,2025,5.38,
The Ritual,David Bruckner,"Rafe Spall, Arsher Ali, Robert James-Collier, Sam Troughton, Paul Reid",2017-10-11,2017,39.263,
The Tank,Scott Walker,"Luciane Buchanan, Matt Whelan, Jaya Beach-Robertson, Mark Mitchinson, Ascia Maybury",2023-04-21,2023,33.661,
The Tank,Kellie Madison,"Marguerite Moreau, Jack Davenport, Brad William Henke, Christopher McDonald, Jack Coleman",2017-07-27,2017,11.182,
The Wailing,Pedro Martín Calero,"Ester Expósito, Mathilde Ollivier, Malena Villa, José Luis Ferrer, Claudia Roset",2024-10-25,2024,312.054,
The Wailing,Na Hong-jin,"Kwak Do-won, Hwang Jung-min, Chun Woo-hee, Jun Kunimura, Kim Hwan-hee",2016-05-12,2016,36.639,
The Wall,Doug Liman,"Aaron Taylor-Johnson, John Cena, Laith Nakli",2017-05-12,2017,26.98,
The Wall,Julian Pölsler,"Martina Gedeck, Ulrike Beimpold, Karlheinz Hackl, Wolfgang Maria Bauer, Julia Gschnitzer",2012-02-12,2012,8.212,
The Witch,Ronny A. Sosa,"Lumy Lizardo, Manny Perez, Johanny Sosa, Hony Estrella, Miguel Ángel Martínez",2021-10-28,2021,7.507,
The Witch,Robert Eggers,"Anya Taylor-Joy, Ralph Ineson, Kate Dickie, Harvey Scrimshaw, Ellie Grainger",2016-02-19,2016,52.79,
Thelma,Josh Margolin,"June Squibb, Fred Hechinger, Richard Roundtree, Parker Posey, Clark Gregg",2024-06-21,2024,45.577,
Thelma,Joachim Trier,"Eili Harboe, Kaya Wilkins, Henrik Rafaelsen, Ellen Dorrit Petersen, Grethe Eltervåg",2017-09-15,2017,13.467,
Trap,M. Night Shyamalan,"Josh Hartnett, Ariel Donoghue, Saleka Night Shyamalan, Alison Pill, Hayley Mills",2024-07-31,2024,78.284,
Trap,Bong Man-dae,"Yu Ha-jun, Jung Min-gyeol, Na Sang-Gyoo, Kang Yong-Kyu, Lee Sa-gang",2015-09-17,2015,10.459,
Trouble,Jon Holmberg,"Filip Berg, Amy Deasismont, Joakim Sällquist, Eva Melander, Måns Nathanaelson",2024-10-02,2024,64.246,
Trouble,Kevin Johnson,"Big Sean, Pamela Adlon, Lucy Hale, Marissa Jaret Winokur, Joel McHale",2019-08-08,2019,14.122,
Truth or Dare,Jeff Wadlow,"Lucy Hale, Violett Beane, Tyler Posey, Hayden Szeto, Aurora Perrineau",2018-04-12,2018,26.81,
Truth or Dare,Nick Simon,"Heather Langenkamp, Alexxis Lemire, Cassie Scerbo, Brytni Sarpy, Christina Masterson",2017-10-08,2017,8.743,
Truth or Dare,Robert Heath,"Liam Boyle, Jack Gordon, Florence Hall, David Oakes, Jennie Jacques",2012-08-05,2012,12.536,
Underwater,William Eubank,"Kristen Stewart, Vincent Cassel, Mamoudou Athie, T.J. Miller, John Gallagher Jr.",2020-01-08,2020,32.736,
Underwater,Alejandro Sesma,"Jaxon Radoc, Kimi Monroe, Danny Montero, Kayden Gray, Hayley Cleghorn",2015-10-29,2015,5.868,
Unstoppable,"杨锋, Feng Yang","Louis Fan Siu-Wong, Lee Lichun, Ji Hao, Zina Blahusova, Pema Jyad",2025-02-22,2025,7.242,
Unstoppable,William Goldenberg,"Jharrel Jerome, Anthony Robles, Jennifer Lopez, Michael Peña, Don Cheadle",2024-12-06,2024,69.604,
Unstoppable,Kim Min-ho,"Don Lee, Song Ji-hyo, Kim Seung-o, Kim Min-jae, Park Ji-hwan",2018-11-22,2018,31.572,
Unstoppable,Tony Scott,"Denzel Washington, Chris Pine, Rosario Dawson, Kevin Dunn, Ethan Suplee",2010-11-04,2010,25.307,
Veronica,Paco Plaza,"Sandra Escacena, Bruna González, Claudia Placer, Iván Chavero, Ana Torrent",2017-08-25,2017,25.943,
Veronica,"Alejandro Martínez Beltrán, Carlos Algara","Arcelia Ramírez, Olga Segura, Sofía Garza, Eugenia Morales Marín",2017-08-14,2017,14.165,
Vice,Adam McKay,"Christian Bale, Amy Adams, Steve Carell, Sam Rockwell, Alison Pill",2018-12-25,2018,14.308,
Vice,Brian A. Miller,"Ambyr Childers, Thomas Jane, Bryan Greenberg, Bruce Willis, Johnathon Schaech",2015-01-16,2015,26.379,
Waves,Jiří Mádl,"Vojtěch Vodochodský, Ondrej Stupka, Tatiana Pauhofová, Stanislav Majer, Vojtěch Kotek",2024-08-01,2024,11.63,
Waves,Trey Edward Shults,"Kelvin Harrison, Jr., Taylor Russell, Renée Elise Goldsberry, Sterling K. Brown, Lucas Hedges",2019-11-15,2019,28.909,
Whiplash,Damien Chazelle,"Miles Teller, J.K. Simmons, Paul Reiser, Melissa Benoist, Austin Stowell",2014-10-10,2014,97.314,
Whiplash,Damien Chazelle,"Johnny Simmons, J.K. Simmons, Nate Lang, C.J. Vana, Honora Javier",2013-01-18,2013,8.729,
Wicked,Jon M. Chu,"Cynthia Erivo, Ariana Grande, Jeff Goldblum, Michelle Yeoh, Jonathan Bailey",2024-11-20,2024,593.834,
Wicked,Taryn O'Neill,"Liam Hall, Anna Maiche, Kevin Joy, Andrew Rogers, Joy Rovaris",2021-05-27,2021,15.982,
X,Ti West,"Mia Goth, Jenna Ortega, Brittany Snow, Kid Cudi, Martin Henderson",2022-03-17,2022,53.229,
X,Jon Hewitt,"Viva Bianca, Hanna Mangan Lawrence, Peter Docker, Stephen Phillips, Eamon Farren",2011-11-23,2011,23.529,
Young Hearts,Anthony Schatteman,"Lou Goossens, Marius De Saeger, Geert Van Rampelberg, Emilie De Roo, Dirk van Dijck",2024-10-26,2024,80.446,
Young Hearts,"Sarah Sherman, Zachary Ray Sherman","Quinn Liebling, Anjini Taneja Azhar, Tanner Orcut, Jack Poole, Jonas Schouten",2020-01-24,2020,7.172,
